name,value,group
BC001,-0.0159,case
BC001,-0.0158,case
BC001,-0.0151,case
BC001,-0.0253,case
BC001,-0.0182,case
BC001,-0.0185,case
BC001,-0.0172,case
BC001,-0.0166,case
BC001,-0.0132,case
BC001,-0.0177,case
BC001,-0.0163,case
BC001,-0.0184,case
BC001,-0.0194,case
BC001,-0.01,case
BC001,-0.0226,case
BC001,-0.0229,case
BC001,-0.015,case
BC001,-0.0145,case
BC001,-0.018,case
BC001,-0.0165,case
BC001,-0.019,case
BC001,-0.0129,case
BC001,-0.0097,case
BC001,-0.0151,case
BC001,-0.0145,case
BC001,-0.0164,case
BC001,-0.0133,case
BC001,-0.0088,case
BC001,-0.0111,case
BC001,-0.0203,case
BC001,-0.0158,case
BC001,-0.0242,case
BC001,-0.0134,case
BC001,-0.0149,case
BC001,-0.0201,case
BC001,-0.0192,case
BC001,-0.0207,case
BC001,-0.0131,case
BC001,-0.0185,case
BC001,-0.0181,case
BC001,-0.0212,case
BC001,-0.0199,case
BC001,-0.0302,case
BC001,-0.0245,case
BC001,-0.0332,case
BC001,-0.0295,case
BC001,-0.0328,case
BC001,-0.0328,case
BC001,-0.0275,case
BC001,-0.0301,case
BC001,-0.0253,case
BC001,-0.0311,case
BC001,-0.0274,case
BC001,-0.0311,case
BC001,-0.0179,case
BC001,-0.0313,case
BC001,-0.0317,case
BC001,-0.0326,case
BC001,-0.0249,case
BC001,-0.0259,case
BC001,-0.0317,case
BC001,-0.0282,case
BC001,-0.0192,case
BC001,-0.0275,case
BC001,-0.0233,case
BC001,-0.0225,case
BC001,-0.0221,case
BC001,-0.0361,case
BC001,-0.0246,case
BC001,-0.0288,case
BC001,-0.0263,case
BC001,-0.0255,case
BC001,-0.0288,case
BC001,-0.0269,case
BC001,-0.0273,case
BC001,-0.0307,case
BC001,-0.0311,case
BC001,-0.022,case
BC001,-0.0271,case
BC001,-0.03,case
BC001,-0.0354,case
BC001,-0.0319,case
BC001,-0.0275,case
BC001,-0.0249,case
BC001,-0.0258,case
BC001,-0.028,case
BC001,-0.0295,case
BC001,-0.0269,case
BC001,-0.022,case
BC001,-0.0282,case
BC001,-0.0234,case
BC001,-0.0263,case
BC001,-0.033,case
BC001,-0.0313,case
BC001,-0.0208,case
BC001,-0.0262,case
BC001,-0.0225,case
BC001,-0.031,case
BC001,-0.0255,case
BC001,-0.0324,case
BC001,-0.0297,case
BC001,-0.0319,case
BC001,-0.0307,case
BC001,-0.0284,case
BC001,-0.0342,case
BC001,-0.035,case
BC001,-0.031,case
BC001,-0.0299,case
BC001,-0.0309,case
BC001,-0.0314,case
BC001,-0.0284,case
BC001,-0.0261,case
BC001,-0.0255,case
BC001,-0.0155,case
BC001,-0.024,case
BC001,-0.0295,case
BC001,-0.0239,case
BC001,-0.0205,case
BC001,-0.0151,case
BC001,-0.023,case
BC001,-0.0278,case
BC001,-0.0254,case
BC001,-0.0313,case
BC001,-0.0266,case
BC001,-0.0253,case
BC001,-0.0249,case
BC001,-0.0323,case
BC001,-0.0316,case
BC001,-0.0315,case
BC001,-0.0278,case
BC001,-0.0291,case
BC001,-0.0327,case
BC001,-0.0341,case
BC001,-0.0311,case
BC001,-0.0215,case
BC001,-0.0305,case
BC001,-0.0274,case
BC001,-0.0267,case
BC001,-0.0316,case
BC001,-0.0308,case
BC001,-0.0212,case
BC001,-0.0303,case
BC001,-0.0265,case
BC001,-0.0335,case
BC001,-0.0291,case
BC001,-0.0298,case
BC001,-0.0316,case
BC001,-0.0295,case
BC001,-0.0249,case
BC001,-0.0311,case
BC001,-0.0277,case
BC001,-0.0259,case
BC001,-0.0146,case
BC001,-0.0137,case
BC001,-0.0133,case
BC001,-0.0177,case
BC001,-0.0113,case
BC001,-0.0281,case
BC001,-0.0304,case
BC001,-0.0292,case
BC001,-0.0302,case
BC001,-0.0318,case
BC001,-0.0297,case
BC001,-0.0299,case
BC001,-0.0265,case
BC001,-0.0305,case
BC001,-0.0239,case
BC001,-0.0134,case
BC001,-0.0295,case
BC001,-0.0309,case
BC001,-0.0259,case
BC001,-0.0227,case
BC001,-0.0224,case
BC001,-0.0157,case
BC001,-0.0227,case
BC001,-0.016,case
BC001,-0.0201,case
BC001,-0.0211,case
BC001,-0.0139,case
BC001,-0.0203,case
BC001,-0.0095,case
BC001,-0.0169,case
BC001,-0.0266,case
BC001,-0.0192,case
BC001,-0.0364,case
BC001,-0.0198,case
BC001,-0.0296,case
BC001,-0.0278,case
BC001,-0.0377,case
BC001,-0.0301,case
BC001,-0.0302,case
BC001,-0.0292,case
BC001,-0.0293,case
BC001,-0.0288,case
BC001,-0.0139,case
BC001,-0.0233,case
BC001,-0.0241,case
BC001,-0.0129,case
BC001,-0.0178,case
BC001,-0.0205,case
BC001,-0.022,case
BC001,-0.0264,case
BC001,-0.0243,case
BC001,-0.0235,case
BC001,-0.0172,case
BC001,-0.0168,case
BC001,-0.0295,case
BC001,-0.0268,case
BC001,-0.0257,case
BC001,-0.027,case
BC001,-0.0109,case
BC001,-0.0312,case
BC001,-0.0246,case
BC001,-0.0279,case
BC001,-0.0337,case
BC001,-0.0305,case
BC001,-0.01,case
BC001,-0.0103,case
BC001,-0.0132,case
BC001,-0.0115,case
BC001,-0.0083,case
BC001,-0.0113,case
BC001,-0.0124,case
BC001,-0.0085,case
BC001,-0.0119,case
BC001,-0.0106,case
BC001,-0.0115,case
BC001,-0.0112,case
BC001,-0.0126,case
BC001,-0.0097,case
BC001,-0.0107,case
BC001,-0.0123,case
BC001,-0.0098,case
BC001,-0.0208,case
BC001,-0.0227,case
BC001,-0.0257,case
BC001,-0.0206,case
BC001,-0.0193,case
BC001,-0.0244,case
BC001,-0.0262,case
BC001,-0.0125,case
BC001,-0.0155,case
BC001,-0.0104,case
BC001,-0.016,case
BC001,-0.0192,case
BC001,-0.0284,case
BC001,-0.0172,case
BC001,-0.0188,case
BC001,-0.0184,case
BC001,-0.0297,case
BC001,-0.0273,case
BC001,-0.0241,case
BC001,-0.0231,case
BC001,-0.0253,case
BC001,-0.0281,case
BC001,-0.0218,case
BC001,-0.0293,case
BC001,-0.0283,case
BC001,-0.0299,case
BC001,-0.025,case
BC001,-0.0279,case
BC001,-0.0249,case
BC001,-0.0133,case
BC001,-0.0266,case
BC001,-0.0107,case
BC001,-0.0167,case
BC001,-0.0242,case
BC001,-0.0255,case
BC001,-0.0324,case
BC001,-0.0225,case
BC001,-0.0314,case
BC001,-0.0211,case
BC001,-0.0259,case
BC001,-0.019,case
BC001,-0.0251,case
BC001,-0.0237,case
BC001,-0.0207,case
BC001,-0.0262,case
BC001,-0.0302,case
BC001,-0.0222,case
BC001,-0.0191,case
BC001,-0.0295,case
BC001,-0.0211,case
BC001,-0.0297,case
BC001,-0.0252,case
BC001,-0.0244,case
BC001,-0.0248,case
BC001,-0.0322,case
BC001,-0.0239,case
BC001,-0.0319,case
BC001,-0.0222,case
BC001,-0.0257,case
BC001,-0.0297,case
BC001,-0.016,case
BC001,-0.0257,case
BC001,-0.0176,case
BC001,-0.0233,case
BC001,-0.0265,case
BC001,-0.0271,case
BC001,-0.02,case
BC001,-0.0258,case
BC001,-0.0278,case
BC001,-0.0203,case
BC001,-0.0249,case
BC001,-0.0166,case
BC001,-0.0269,case
BC001,-0.0295,case
BC001,-0.0274,case
BC001,-0.021,case
BC001,-0.0241,case
BC001,-0.0332,case
BC001,-0.0191,case
BC001,-0.0259,case
BC001,-0.0178,case
BC001,-0.0173,case
BC001,-0.0234,case
BC001,-0.0256,case
BC001,-0.0255,case
BC001,-0.0201,case
BC001,-0.0303,case
BC001,-0.0301,case
BC001,-0.0295,case
BC001,-0.0258,case
BC001,-0.0148,case
BC001,-0.0211,case
BC001,-0.0263,case
BC001,-0.0283,case
BC001,-0.0237,case
BC001,-0.0227,case
BC001,-0.026,case
BC001,-0.0284,case
BC001,-0.0231,case
BC001,-0.0235,case
BC001,-0.022,case
BC001,-0.0227,case
BC001,-0.0243,case
BC001,-0.0271,case
BC001,-0.0237,case
BC001,-0.0204,case
BC001,-0.0224,case
BC001,-0.0268,case
BC001,-0.0226,case
BC001,-0.027,case
BC001,-0.0229,case
BC001,-0.0244,case
BC001,-0.0188,case
BC001,-0.0279,case
BC001,-0.0261,case
BC001,-0.025,case
BC001,-0.0264,case
BC001,-0.0256,case
BC001,-0.0257,case
BC001,-0.0256,case
BC001,-0.0223,case
BC001,-0.0287,case
BC001,-0.0279,case
BC001,-0.0287,case
BC001,-0.0248,case
BC001,-0.0255,case
BC001,-0.0266,case
BC002,0.1841,case
BC002,-0.1436,case
BC002,0.1179,case
BC002,0.0872,case
BC002,0.102,case
BC002,0.1479,case
BC002,0.6005,case
BC002,0.8457,case
BC002,0.0944,case
BC002,0.1415,case
BC002,0.2477,case
BC002,0.1783,case
BC002,0.0073,case
BC002,0.0924,case
BC002,0.041,case
BC002,1.4467,case
BC002,0.0071,case
BC002,0.2332,case
BC002,1.3336,case
BC002,-0.1587,case
BC002,-0.081,case
BC002,0.3816,case
BC002,-0.1102,case
BC002,-0.0269,case
BC002,-3e-04,case
BC002,1.0012,case
BC002,-0.1902,case
BC002,0.1668,case
BC002,0.0749,case
BC002,0.1516,case
BC002,0.1445,case
BC002,0.1926,case
BC002,0.4764,case
BC002,0.8539,case
BC002,0.0733,case
BC002,0.3236,case
BC002,0.3387,case
BC002,0.1873,case
BC002,0.3208,case
BC002,7e-04,case
BC002,-0.0039,case
BC002,0.198,case
BC002,-0.2297,case
BC002,0.205,case
BC002,0.2067,case
BC002,-0.1676,case
BC002,-0.1076,case
BC002,-0.0828,case
BC002,0.9313,case
BC002,0.0497,case
BC002,0.3303,case
BC002,0.1025,case
BC002,0.2267,case
BC002,0.0809,case
BC002,0.4727,case
BC002,-0.0138,case
BC002,0.1333,case
BC002,0.5047,case
BC002,0.4412,case
BC002,0.0967,case
BC002,0.1086,case
BC002,0.1171,case
BC002,0.2714,case
BC002,0.5183,case
BC002,0.1491,case
BC002,0.2439,case
BC002,0.106,case
BC002,1.0971,case
BC002,0.1255,case
BC002,0.4925,case
BC002,0.2324,case
BC002,0.2516,case
BC002,-0.1629,case
BC002,0.1025,case
BC002,0.6682,case
BC002,0.1182,case
BC002,0.3128,case
BC002,0.0399,case
BC002,0.2522,case
BC002,-0.2353,case
BC002,0.3625,case
BC002,-0.1527,case
BC002,0.315,case
BC002,0.1303,case
BC002,-0.0389,case
BC002,0.3226,case
BC002,0.269,case
BC002,0.2792,case
BC002,0.3659,case
BC002,-0.0254,case
BC002,0.456,case
BC002,0.5949,case
BC002,0.303,case
BC002,0.0681,case
BC002,-0.1152,case
BC002,0.0093,case
BC002,0.3659,case
BC002,1.1023,case
BC002,0.2855,case
BC002,0.2711,case
BC002,0.7095,case
BC002,0.0368,case
BC002,0.229,case
BC002,0.1054,case
BC002,0.4328,case
BC002,0.006,case
BC002,-0.1306,case
BC002,0.6218,case
BC002,0.5785,case
BC002,-0.0264,case
BC002,0.156,case
BC002,0.9066,case
BC002,-0.0859,case
BC002,0.1042,case
BC002,-0.0588,case
BC002,0.1575,case
BC002,0.3839,case
BC002,0.3279,case
BC002,0.0197,case
BC002,-0.0028,case
BC002,0.1784,case
BC002,0.1487,case
BC002,0.0459,case
BC002,0.5812,case
BC002,0.1222,case
BC002,0.3168,case
BC002,0.3069,case
BC002,-0.03,case
BC002,0.4168,case
BC002,0.2224,case
BC002,0.395,case
BC002,-0.0815,case
BC002,0.3352,case
BC002,0.3006,case
BC002,0.1217,case
BC002,0.2279,case
BC002,0.1772,case
BC002,0.3553,case
BC002,0.2363,case
BC002,-0.0129,case
BC002,0.314,case
BC002,0.465,case
BC002,-0.1499,case
BC002,0.244,case
BC002,0.0367,case
BC002,0.1026,case
BC002,0.3607,case
BC002,0.2183,case
BC002,0.1906,case
BC002,0.3531,case
BC002,0.1734,case
BC002,-0.0188,case
BC002,0.1317,case
BC002,0.4029,case
BC002,1.0366,case
BC002,0.3423,case
BC002,-0.0985,case
BC002,-0.1788,case
BC002,0.191,case
BC002,0.0707,case
BC002,-0.0159,case
BC002,0.3955,case
BC002,8e-04,case
BC002,-0.1292,case
BC002,-0.0504,case
BC002,0.1401,case
BC002,0.3391,case
BC002,0.325,case
BC002,-0.1103,case
BC002,0.2649,case
BC002,-0.2039,case
BC002,0.0303,case
BC002,0.4267,case
BC002,-0.1564,case
BC002,-0.1182,case
BC002,0.1218,case
BC002,0.0573,case
BC002,-0.1775,case
BC002,-0.2274,case
BC002,0.1884,case
BC002,0.6238,case
BC002,-0.076,case
BC002,0.0899,case
BC002,0.2177,case
BC002,0.5233,case
BC002,-0.1468,case
BC002,0.0163,case
BC002,0.4363,case
BC002,0.3171,case
BC002,0.0108,case
BC002,0.1676,case
BC002,0.2128,case
BC002,0.3328,case
BC002,0.216,case
BC002,0.3427,case
BC002,0.0674,case
BC002,0.1445,case
BC002,0.3624,case
BC002,-0.1834,case
BC002,0.6668,case
BC002,-0.0216,case
BC002,0.0321,case
BC002,0.1699,case
BC002,0.0392,case
BC002,-0.1596,case
BC002,0.1184,case
BC002,-0.1552,case
BC002,-0.1252,case
BC002,0.6193,case
BC002,0.4355,case
BC002,0.1794,case
BC002,-0.0507,case
BC002,0.0312,case
BC002,0.4419,case
BC002,0.039,case
BC002,-0.1789,case
BC002,0.7141,case
BC002,0.2759,case
BC002,-0.0538,case
BC002,0.1833,case
BC002,0.0403,case
BC002,0.3618,case
BC002,0.6336,case
BC002,0.4344,case
BC002,0.2256,case
BC002,0.2301,case
BC002,0.1256,case
BC002,0.4431,case
BC002,-0.0999,case
BC002,0.0597,case
BC002,0.3695,case
BC002,0.3157,case
BC002,0.6181,case
BC002,0.3035,case
BC002,0.2878,case
BC002,0.1773,case
BC002,-0.0186,case
BC002,0.0638,case
BC002,0.0215,case
BC002,0.0601,case
BC002,0.3497,case
BC002,0.5068,case
BC002,0.0011,case
BC002,-0.147,case
BC002,0.0763,case
BC002,0.1376,case
BC002,0.369,case
BC002,0.2713,case
BC002,0.7561,case
BC002,0.0096,case
BC002,0.112,case
BC002,0.3778,case
BC002,0.4217,case
BC002,0.335,case
BC002,0.37,case
BC002,0.444,case
BC002,0.1561,case
BC002,0.5948,case
BC002,0.0869,case
BC002,-0.0813,case
BC002,0.1953,case
BC002,0.1466,case
BC002,0.1236,case
BC002,-0.0977,case
BC002,0.1829,case
BC002,0.0311,case
BC002,0.4372,case
BC002,-0.0037,case
BC002,-0.058,case
BC002,0.1048,case
BC002,0.12,case
BC002,0.1818,case
BC002,0.2203,case
BC002,-0.1085,case
BC002,0.1755,case
BC002,0.4746,case
BC002,0.9188,case
BC002,-0.007,case
BC002,0.4519,case
BC002,-0.0041,case
BC002,0.2705,case
BC002,1.0471,case
BC002,0.0805,case
BC002,0.6412,case
BC002,0.4473,case
BC002,0.1897,case
BC002,0.0341,case
BC002,-0.0591,case
BC002,0.4417,case
BC002,-0.0015,case
BC002,0.0168,case
BC002,0.4569,case
BC002,0.0677,case
BC002,0.0651,case
BC002,0.2804,case
BC002,0.2067,case
BC002,0.3963,case
BC002,0.4098,case
BC002,-0.1052,case
BC002,0.9934,case
BC002,0.2945,case
BC002,0.1989,case
BC002,-0.1518,case
BC002,0.1084,case
BC002,-0.1677,case
BC002,-0.0847,case
BC002,0.2799,case
BC002,-0.1965,case
BC002,0.6046,case
BC002,-0.1443,case
BC002,0.1171,case
BC002,0.0901,case
BC002,0.3733,case
BC002,0.3059,case
BC002,0.2065,case
BC002,0.5911,case
BC002,0.8272,case
BC002,0.0665,case
BC002,-0.0982,case
BC002,0.0053,case
BC002,0.0874,case
BC002,0.0567,case
BC002,0.0586,case
BC002,0.2985,case
BC002,0.2863,case
BC002,0.3275,case
BC002,0.0944,case
BC002,0.2947,case
BC002,0.0298,case
BC002,-0.0465,case
BC002,-0.1034,case
BC002,0.4773,case
BC002,0.3408,case
BC002,0.519,case
BC002,0.1568,case
BC002,0.0229,case
BC002,0.027,case
BC002,0.1922,case
BC002,0.5678,case
BC002,0.2129,case
BC002,0.6308,case
BC002,0.1106,case
BC002,-0.1888,case
BC002,0.4741,case
BC002,0.2953,case
BC002,0.4496,case
BC002,0.1916,case
BC002,-0.0221,case
BC002,0.2754,case
BC002,0.2676,case
BC002,0.1795,case
BC002,0.0788,case
BC002,0.1687,case
BC002,0.1272,case
BC002,0.1189,case
BC002,-0.0923,case
BC002,0.2116,case
BC002,-0.1605,case
BC002,0.2989,case
BC002,0.0705,case
BC002,-0.02,case
BC002,1.0246,case
BC002,0.6891,case
BC002,0.0598,case
BC002,-0.0679,case
BC002,0.2509,case
BC002,0.1188,case
BC002,0.3037,case
BC002,0.0818,case
BC002,0.0924,case
BC002,1.0389,case
BC002,0.1851,case
BC002,0.5281,case
BC002,-0.2206,case
BC002,0.3506,case
BC002,0.2551,case
BC002,0.7825,case
BC002,0.0202,case
BC002,0.007,case
BC002,-0.0173,case
BC002,0.129,case
BC002,-0.064,case
BC002,0.367,case
BC002,0.1034,case
BC002,0.197,case
BC002,0.4695,case
BC002,-0.0136,case
BC002,-0.045,case
BC002,0.4891,case
BC002,1.1181,case
BC002,0.1667,case
BC002,0.0559,case
BC002,0.1218,case
BC002,0.2647,case
BC002,0.2586,case
BC002,0.7341,case
BC002,0.3718,case
BC002,0.5334,case
BC002,-0.188,case
BC002,0.5789,case
BC002,-0.1996,case
BC002,0.5698,case
BC002,0.9287,case
BC002,0.284,case
BC002,0.2585,case
BC002,0.1647,case
BC002,-0.0648,case
BC002,0.0933,case
BC002,-0.1176,case
BC002,0.0082,case
BC002,-0.064,case
BC002,0.2774,case
BC002,0.0992,case
BC002,0.0823,case
BC002,0.3219,case
BC002,0.3077,case
BC002,0.2345,case
BC002,-0.1869,case
BC002,-0.2878,case
BC002,-0.1637,case
BC002,0.044,case
BC002,0.1599,case
BC002,0.0528,case
BC002,0.1139,case
BC002,0.0911,case
BC002,1.2755,case
BC002,0.3642,case
BC002,0.2786,case
BC002,0.1397,case
BC002,-0.0905,case
BC002,0.0307,case
BC002,0.2721,case
BC002,0.6441,case
BC002,0.0898,case
BC002,0.1181,case
BC002,1.6623,case
BC002,0.1352,case
BC002,-0.1056,case
BC002,0.2114,case
BC002,-0.1538,case
BC002,0.0219,case
BC002,0.2684,case
BC002,0.0777,case
BC002,0.3579,case
BC002,0.0618,case
BC002,0.111,case
BC002,0.6128,case
BC002,0.0156,case
BC002,-0.0136,case
BC002,-0.0068,case
BC002,0.0965,case
BC002,-0.1217,case
BC002,0.5531,case
BC002,-0.1238,case
BC002,0.3751,case
BC002,-0.142,case
BC002,-0.0015,case
BC002,0.4443,case
BC002,0.0616,case
BC002,0.3163,case
BC002,0.5305,case
BC002,-0.0819,case
BC002,0.1414,case
BC002,0.2012,case
BC002,0.7894,case
BC002,0.6644,case
BC002,0.1036,case
BC002,0.0494,case
BC002,0.2706,case
BC002,0.6888,case
BC002,-0.0764,case
BC002,-0.0416,case
BC002,0.1734,case
BC002,0.2854,case
BC002,0.0882,case
BC002,0.112,case
BC002,0.7785,case
BC002,0.3255,case
BC002,0.2021,case
BC002,0.2297,case
BC002,0.3293,case
BC002,0.2693,case
BC002,0.8861,case
BC002,-0.0828,case
BC002,0.2889,case
BC002,0.215,case
BC002,0.2492,case
BC002,0.3346,case
BC002,0.2296,case
BC002,1.0822,case
BC002,0.5952,case
BC002,0.0213,case
BC002,1.0096,case
BC002,-0.2288,case
BC002,0.049,case
BC002,0.7077,case
BC002,0.0796,case
BC002,0.1732,case
BC002,-0.0328,case
BC002,0.1832,case
BC002,0.419,case
BC002,0.1274,case
BC002,0.6738,case
BC002,-0.1304,case
BC002,0.4859,case
BC002,-0.1673,case
BC002,0.1076,case
BC002,-0.1564,case
BC002,0.3412,case
BC002,0.4661,case
BC002,0.0388,case
BC002,0.519,case
BC002,0.1811,case
BC002,0.2197,case
BC002,0.0449,case
BC002,0.1323,case
BC002,0.023,case
BC002,0.034,case
BC002,0.519,case
BC002,0.1717,case
BC002,0.3942,case
BC002,-0.1037,case
BC002,0.4036,case
BC002,0.79,case
BC002,0.1632,case
BC002,0.26,case
BC002,0.335,case
BC002,0.1684,case
BC002,-0.1164,case
BC002,0.2616,case
BC002,0.4588,case
BC002,0.0218,case
BC002,0.1373,case
BC002,0.0416,case
BC002,0.169,case
BC002,0.1289,case
BC002,0.1358,case
BC002,0.7317,case
BC002,0.3703,case
BC002,-0.1491,case
BC002,0.0029,case
BC002,-0.1057,case
BC002,0.3512,case
BC002,-0.0475,case
BC002,0.3532,case
BC002,-0.01,case
BC002,0.0779,case
BC002,0.4631,case
BC002,0.1156,case
BC002,0.0269,case
BC002,0.2602,case
BC002,0.23,case
BC002,0.2644,case
BC002,0.1731,case
BC002,0.2203,case
BC002,0.0519,case
BC002,0.5758,case
BC002,0.0989,case
BC002,0.0823,case
BC002,0.0922,case
BC002,0.3636,case
BC002,0.156,case
BC002,0.3658,case
BC002,-0.1275,case
BC002,0.0966,case
BC002,0.2412,case
BC002,0.4237,case
BC002,0.3813,case
BC002,-0.1917,case
BC002,-0.0073,case
BC002,0.4658,case
BC002,0.5411,case
BC002,0.0748,case
BC002,0.3925,case
BC002,0.2725,case
BC002,0.2086,case
BC002,0.0066,case
BC002,0.3601,case
BC002,0.0423,case
BC002,0.0988,case
BC002,0.1342,case
BC002,0.2284,case
BC002,0.0982,case
BC002,0.0389,case
BC002,0.085,case
BC002,0.0517,case
BC002,0.0906,case
BC002,0.4404,case
BC002,0.3403,case
BC002,0.0888,case
BC002,0.3001,case
BC002,0.0777,case
BC002,0.0175,case
BC002,0.2272,case
BC002,0.1666,case
BC002,0.3235,case
BC002,0.2694,case
BC002,0.67,case
BC002,0.3431,case
BC002,0.3456,case
BC002,-0.092,case
BC002,0.2446,case
BC002,0.2348,case
BC002,0.3436,case
BC002,-0.0291,case
BC002,0.48,case
BC002,0.4576,case
BC002,0.2465,case
BC002,-0.1232,case
BC002,0.3094,case
BC002,-0.0629,case
BC002,1.0085,case
BC002,-0.1,case
BC002,-0.0811,case
BC002,0.0565,case
BC002,0.1381,case
BC002,0.2384,case
BC002,0.1938,case
BC002,0.1967,case
BC002,0.0664,case
BC002,0.289,case
BC002,0.3207,case
BC002,0.0966,case
BC002,-0.0435,case
BC002,0.3489,case
BC002,0.3939,case
BC002,0.3453,case
BC002,0.2476,case
BC002,0.267,case
BC002,-0.1144,case
BC002,0.4396,case
BC002,0.2057,case
BC002,0.0365,case
BC002,0.0537,case
BC002,0.6501,case
BC002,0.7593,case
BC002,0.1732,case
BC002,0.3298,case
BC002,0.1241,case
BC002,0.4483,case
BC002,0.1133,case
BC002,-0.1397,case
BC002,0.3965,case
BC002,1.1464,case
BC002,-0.0108,case
BC002,0.5147,case
BC002,0.2421,case
BC002,0.431,case
BC002,0.3469,case
BC002,0.2355,case
BC002,0.3316,case
BC002,0.2331,case
BC002,0.3509,case
BC002,0.0816,case
BC002,0.1175,case
BC002,0.0809,case
BC002,0.0621,case
BC002,-0.0682,case
BC002,0.132,case
BC002,0.5588,case
BC002,0.4584,case
BC002,0.5679,case
BC002,0.6406,case
BC002,0.3089,case
BC002,0.0751,case
BC002,0.2234,case
BC002,0.1701,case
BC002,-0.0942,case
BC002,0.689,case
BC002,0.4266,case
BC002,0.3045,case
BC002,0.3517,case
BC002,-0.1715,case
BC002,0.2299,case
BC002,-0.0886,case
BC002,0.4328,case
BC002,0.1287,case
BC002,0.0307,case
BC002,0.4549,case
BC002,-0.1084,case
BC002,0.2242,case
BC002,-0.063,case
BC002,0.1553,case
BC002,0.226,case
BC002,0.1911,case
BC002,0.1639,case
BC002,-0.1445,case
BC002,-0.1888,case
BC002,0.2968,case
BC002,0.8676,case
BC002,0.345,case
BC002,0.2171,case
BC002,0.0343,case
BC002,0.265,case
BC002,0.0976,case
BC002,0.4764,case
BC002,0.0375,case
BC002,0.2477,case
BC002,0.2603,case
BC002,0.2005,case
BC002,0.2854,case
BC002,0.5235,case
BC002,1.3192,case
BC002,0.1224,case
BC002,0.0317,case
BC002,-0.1499,case
BC002,0.2038,case
BC002,0.0316,case
BC002,-0.16,case
BC002,0.751,case
BC002,0.3835,case
BC002,0.2401,case
BC002,0.3447,case
BC002,-0.1575,case
BC002,0.1941,case
BC002,1.1065,case
BC002,0.2835,case
BC002,0.0567,case
BC002,0.0488,case
BC002,0.186,case
BC002,-0.007,case
BC002,0.0182,case
BC002,0.0717,case
BC002,0.2114,case
BC002,-0.0814,case
BC002,0.2801,case
BC002,-0.0323,case
BC002,0.4851,case
BC002,-0.102,case
BC002,0.4514,case
BC002,0.3068,case
BC002,0.0178,case
BC002,0.1368,case
BC002,0.1591,case
BC002,-0.0625,case
BC002,0.0219,case
BC002,0.1225,case
BC002,0.2475,case
BC002,0.0471,case
BC002,0.1781,case
BC002,0.0105,case
BC002,-0.1787,case
BC002,0.2254,case
BC002,0.1172,case
BC002,0.2436,case
BC002,0.1172,case
BC002,0.0636,case
BC002,0.325,case
BC002,0.7484,case
BC002,0.384,case
BC002,0.0814,case
BC002,0.2166,case
BC002,-0.0262,case
BC002,0.4575,case
BC002,0.0455,case
BC002,0.2991,case
BC002,0.0293,case
BC002,0.0421,case
BC002,0.1759,case
BC002,0.0213,case
BC002,-0.1511,case
BC002,0.1416,case
BC002,0.207,case
BC002,0.051,case
BC002,-0.1641,case
BC002,0.0468,case
BC002,-0.1403,case
BC002,-0.0143,case
BC002,-0.1463,case
BC002,0.2906,case
BC002,0.4256,case
BC002,0.4191,case
BC002,-0.0927,case
BC002,0.0223,case
BC002,0.334,case
BC002,0.0685,case
BC002,0.092,case
BC002,0.1932,case
BC002,0.0895,case
BC002,0.291,case
BC002,0.2538,case
BC002,0.328,case
BC002,0.0428,case
BC002,-0.0072,case
BC002,0.2232,case
BC002,0.2401,case
BC002,0.5104,case
BC002,0.1647,case
BC002,0.4646,case
BC002,0.6141,case
BC002,0.2677,case
BC002,0.2504,case
BC002,0.394,case
BC002,0.1714,case
BC002,-0.1423,case
BC002,0.0949,case
BC002,0.3912,case
BC002,0.3112,case
BC002,0.5578,case
BC002,-0.0361,case
BC002,0.1256,case
BC002,0.4154,case
BC002,0.3015,case
BC002,0.108,case
BC002,-0.1106,case
BC002,0.1686,case
BC002,0.3419,case
BC002,-0.1488,case
BC002,0.0804,case
BC002,0.0688,case
BC002,0.5681,case
BC002,0.0036,case
BC002,0.476,case
BC002,0.3933,case
BC002,0.3447,case
BC002,0.1033,case
BC002,0.3068,case
BC002,0.5401,case
BC002,0.3592,case
BC002,0.5598,case
BC002,0.4572,case
BC002,0.4258,case
BC002,0.1092,case
BC002,0.536,case
BC002,0.3414,case
BC002,0.2379,case
BC002,0.2365,case
BC002,1.8161,case
BC002,0.2334,case
BC002,0.0528,case
BC002,0.0561,case
BC002,-0.0082,case
BC002,0.727,case
BC002,0.5655,case
BC002,0.1087,case
BC002,0.2326,case
BC002,0.2833,case
BC002,0.2572,case
BC002,0.0716,case
BC002,0.471,case
BC002,0.1071,case
BC002,0.3593,case
BC002,0.0926,case
BC002,0.1213,case
BC002,0.5569,case
BC002,0.0774,case
BC002,0.1239,case
BC002,0.2298,case
BC002,0.3093,case
BC002,-0.0315,case
BC002,0.134,case
BC002,0.2779,case
BC002,0.7638,case
BC002,0.2646,case
BC002,0.3107,case
BC002,0.1118,case
BC002,0.3285,case
BC002,0.3112,case
BC002,0.4937,case
BC002,0.3445,case
BC002,1.0191,case
BC002,-0.1792,case
BC002,-0.1041,case
BC002,0.1005,case
BC002,0.4362,case
BC002,-0.0089,case
BC002,0.0461,case
BC002,0.1987,case
BC002,0.1154,case
BC002,0.809,case
BC002,0.5616,case
BC002,0.0272,case
BC002,-0.002,case
BC002,0.0567,case
BC002,0.2122,case
BC002,0.1055,case
BC002,0.3496,case
BC002,-0.1291,case
BC002,-0.1315,case
BC002,0.0582,case
BC002,0.111,case
BC002,0.4388,case
BC002,0.0406,case
BC002,0.0646,case
BC002,0.1219,case
BC002,0.2904,case
BC002,0.3147,case
BC002,0.1805,case
BC002,0.1006,case
BC002,0.2217,case
BC002,0.2926,case
BC002,0.2657,case
BC002,0.1857,case
BC002,0.1994,case
BC002,-0.0255,case
BC002,0.4022,case
BC002,0.4619,case
BC002,0.3103,case
BC002,0.2005,case
BC002,0.2664,case
BC002,-0.0624,case
BC002,-0.1879,case
BC002,-0.0223,case
BC002,0.0777,case
BC002,-0.095,case
BC002,0.1643,case
BC002,0.1756,case
BC002,0.0525,case
BC002,0.1817,case
BC002,0.1053,case
BC002,0.0931,case
BC002,0.047,case
BC002,-0.1476,case
BC002,0.4142,case
BC002,0.0624,case
BC002,0.6942,case
BC002,0.0113,case
BC002,0.5069,case
BC002,-0.116,case
BC002,0.7851,case
BC002,0.1789,case
BC002,0.1177,case
BC002,0.0455,case
BC002,0.3115,case
BC002,0.6438,case
BC002,0.0038,case
BC002,0.9921,case
BC002,0.0142,case
BC002,-0.0179,case
BC002,0.1002,case
BC002,0.2018,case
BC002,0.3544,case
BC002,-0.0689,case
BC002,0.0318,case
BC002,-0.1123,case
BC002,0.1238,case
BC002,0.1036,case
BC002,0.3353,case
BC002,0.3214,case
BC002,0.0709,case
BC002,0.1008,case
BC002,0.0825,case
BC002,0.0425,case
BC002,0.4347,case
BC002,0.2594,case
BC002,-0.132,case
BC002,0.0818,case
BC002,-0.1916,case
BC002,-0.0035,case
BC002,0.2816,case
BC002,0.2551,case
BC002,0.0516,case
BC002,0.792,case
BC002,0.0542,case
BC002,0.4004,case
BC002,0.1996,case
BC002,1.1423,case
BC002,-0.0636,case
BC002,0.3769,case
BC002,0.2511,case
BC002,0.1702,case
BC002,0.063,case
BC002,0.0699,case
BC002,0.2821,case
BC002,-0.0825,case
BC002,0.1136,case
BC002,0.1413,case
BC002,0.43,case
BC002,0.2659,case
BC002,0.0796,case
BC002,0.0597,case
BC002,0.1415,case
BC002,0.4677,case
BC002,-0.0035,case
BC002,0.5488,case
BC002,0.1618,case
BC002,0.028,case
BC002,0.4058,case
BC002,-0.091,case
BC002,0.386,case
BC002,0.2622,case
BC002,0.1686,case
BC002,-0.1373,case
BC002,-0.0526,case
BC002,0.2992,case
BC002,-0.0947,case
BC002,-0.0662,case
BC002,-0.0626,case
BC002,0.1285,case
BC002,0.0953,case
BC002,0.0586,case
BC002,0.0988,case
BC002,0.2739,case
BC002,0.0782,case
BC002,0.3434,case
BC002,0.3101,case
BC002,0.7726,case
BC002,0.2954,case
BC002,0.0998,case
BC002,0.2552,case
BC002,0.0544,case
BC002,-0.1159,case
BC002,0.0756,case
BC002,-0.0458,case
BC002,0.7337,case
BC002,0.1672,case
BC002,0.093,case
BC002,0.4157,case
BC002,0.3196,case
BC002,0.0744,case
BC002,0.0471,case
BC002,0.8922,case
BC002,-0.1,case
BC002,0.1132,case
BC002,0.1616,case
BC002,-0.0055,case
BC002,0.2607,case
BC002,0.2766,case
BC002,0.5165,case
BC002,0.1678,case
BC002,0.0089,case
BC002,0.1272,case
BC002,-0.1004,case
BC002,0.2291,case
BC002,-0.0267,case
BC002,0.0225,case
BC002,0.3195,case
BC002,0.1564,case
BC002,-0.0437,case
BC002,0.3821,case
BC002,0.2312,case
BC002,0.3565,case
BC002,0.0746,case
BC002,1.4533,case
BC002,0.079,case
BC002,0.0625,case
BC002,0.1361,case
BC002,0.3748,case
BC002,-0.1897,case
BC002,0.4169,case
BC002,0.1672,case
BC002,0.0618,case
BC002,-0.0114,case
BC002,0.167,case
BC002,-0.0155,case
BC002,0.2407,case
BC002,0.2672,case
BC002,0.0347,case
BC002,0.0677,case
BC002,0.0823,case
BC002,-0.0127,case
BC002,1.6102,case
BC002,0.1309,case
BC002,0.3927,case
BC002,0.0517,case
BC002,0.2082,case
BC002,0.202,case
BC002,0.1486,case
BC002,0.1752,case
BC002,0.1824,case
BC002,0.6601,case
BC002,0.5741,case
BC002,0.0403,case
BC002,0.8533,case
BC002,0.0452,case
BC002,1.2383,case
BC002,-0.0511,case
BC002,0.5457,case
BC002,0.2023,case
BC002,0.0728,case
BC002,0.0117,case
BC002,0.0804,case
BC002,0.3032,case
BC002,0.2048,case
BC002,0.1543,case
BC002,0.0348,case
BC002,0.2099,case
BC002,0.2268,case
BC002,0.216,case
BC002,0.0731,case
BC002,0.3642,case
BC002,0.2097,case
BC002,0.1649,control
BC002,0.1057,control
BC002,-0.0875,control
BC002,-0.0217,control
BC002,0.0919,control
BC002,0.0261,control
BC002,0.1007,control
BC002,-0.0641,control
BC002,0.2075,control
BC002,0.1642,control
BC002,0.6261,control
BC002,0.2395,control
BC002,0.4404,control
BC002,0.1238,control
BC002,0.2822,control
BC002,0.2314,control
BC002,0.1954,control
BC002,-0.0719,control
BC002,0.6505,control
BC002,-0.0847,control
BC002,0.1755,control
BC002,0.3183,control
BC002,0.4765,control
BC002,0.4203,control
BC002,0.5359,control
BC002,0.3896,control
BC002,0.3522,control
BC002,0.2917,control
BC002,0.4574,control
BC002,0.0846,control
BC002,0.3067,control
BC002,0.4289,control
BC002,-0.0743,control
BC002,0.3853,control
BC002,0.0704,control
BC002,0.2131,control
BC002,0.3195,control
BC002,0.4433,control
BC002,0.1404,control
BC002,0.2073,control
BC002,0.4364,control
BC002,0.2317,control
BC002,0.4707,control
BC002,0.3193,control
BC002,0.3152,control
BC002,0.2848,control
BC002,0.2314,control
BC002,-0.0479,control
BC002,0.5344,control
BC002,0.1862,control
BC002,0.2491,control
BC002,0.229,control
BC002,0.1092,control
BC002,0.1874,control
BC002,0.1338,control
BC002,0,control
BC002,0.2489,control
BC002,0.1754,control
BC002,0.1648,control
BC002,0.1362,control
BC002,0.3127,control
BC002,0.0855,control
BC002,0.0039,control
BC002,0.1708,control
BC002,0.2829,control
BC002,0.2347,control
BC002,0.2796,control
BC002,0.1421,control
BC002,0.0612,control
BC002,0.1352,control
BC002,0.3099,control
BC002,0.3049,control
BC002,0.2441,control
BC002,0.1078,control
BC002,0.414,control
BC002,0.1564,control
BC002,0.3085,control
BC002,0.1378,control
BC002,0.2498,control
BC002,0.5227,control
BC002,0.113,control
BC002,0.3803,control
BC002,0.2052,control
BC002,-0.0324,control
BC002,0.3,control
BC002,0.3413,control
BC002,0.3421,control
BC002,-0.0331,control
BC002,-0.0404,control
BC002,0.1851,control
BC002,0.1313,control
BC002,-0.0635,control
BC002,0.1539,control
BC002,0.388,control
BC002,0.5641,control
BC002,0.4156,control
BC002,-0.0902,control
BC002,0.5101,control
BC002,0.6711,control
BC002,0.4093,control
BC002,0.1444,control
BC002,0.2067,control
BC002,0.1334,control
BC002,-0.0475,control
BC002,-0.0068,control
BC002,-0.049,control
BC002,0.079,control
BC002,-0.0795,control
BC002,-0.0394,control
BC002,-0.075,control
BC002,-0.0684,control
BC002,-0.0862,control
BC002,-0.0672,control
BC002,0.1711,control
BC003,-0.1007,case
BC003,0.2533,case
BC003,-0.0973,case
BC003,0.3267,case
BC003,-0.1719,case
BC003,-0.0927,case
BC003,0.1188,case
BC003,-0.3495,case
BC003,0.3331,case
BC003,-0.3716,case
BC003,-0.0398,case
BC003,0.2784,case
BC003,-0.0037,case
BC003,-0.0011,case
BC003,-0.2696,case
BC003,-0.1102,case
BC003,-0.5482,case
BC003,-0.448,case
BC003,-0.6564,case
BC003,-0.5074,case
BC003,-0.2097,case
BC003,-0.0784,case
BC003,-0.304,case
BC003,-0.0138,case
BC003,-0.0169,case
BC003,-0.0902,case
BC003,-0.073,case
BC003,-0.3197,case
BC003,-0.0639,case
BC003,-0.157,case
BC003,-0.1471,case
BC003,-0.1683,case
BC003,0.2018,case
BC003,-0.3149,case
BC003,0.1338,case
BC003,0.2061,case
BC003,0.015,case
BC003,-0.1336,case
BC003,-0.2278,case
BC003,0.1012,case
BC003,-0.6404,case
BC003,-0.3508,case
BC003,0.0126,case
BC003,-0.3776,case
BC003,-0.489,case
BC003,0.0673,case
BC003,-0.5092,case
BC003,0.0247,case
BC003,-0.4519,case
BC003,-0.1839,case
BC003,-0.228,case
BC003,-0.1008,case
BC003,-0.1776,case
BC003,-0.0667,case
BC003,-0.1333,case
BC003,-0.0955,case
BC003,-0.0562,case
BC003,-0.7499,case
BC003,0.1345,case
BC003,-0.1934,case
BC003,-0.4988,case
BC003,0.0909,case
BC003,-0.0942,case
BC003,0.3968,case
BC003,-0.0329,case
BC003,-0.2969,case
BC003,0.1514,case
BC003,-0.2274,case
BC003,-0.0014,case
BC003,-0.2118,case
BC003,0.5787,case
BC003,-0.1431,case
BC003,-0.2064,case
BC003,-0.1869,case
BC003,0.0829,case
BC003,-0.0488,case
BC003,-0.0162,case
BC003,-0.3723,case
BC003,9e-04,case
BC003,-0.1286,case
BC003,-0.022,case
BC003,-0.1189,case
BC003,0.0222,case
BC003,-0.0078,case
BC003,-2e-04,case
BC003,-0.0229,case
BC003,-0.0354,case
BC003,-0.1602,case
BC003,-0.3962,case
BC003,-0.2929,case
BC003,-0.0099,case
BC003,0.214,case
BC003,0.0208,case
BC003,-0.0603,case
BC003,0.0509,case
BC003,-0.0596,case
BC003,0.2769,case
BC003,0.0522,case
BC003,-0.094,case
BC003,-0.272,case
BC003,0.2366,case
BC003,-0.246,case
BC003,-0.6544,case
BC003,-0.2854,case
BC003,-0.124,case
BC003,-0.1707,case
BC003,-0.4319,case
BC003,-0.051,case
BC003,0.2566,case
BC003,-0.0874,case
BC003,-0.1771,case
BC003,-0.2404,case
BC003,-0.0738,case
BC003,0.058,case
BC003,-0.2483,case
BC003,-0.0571,case
BC003,-0.0044,case
BC003,-0.3421,case
BC003,-0.4479,case
BC003,0.0387,case
BC003,-0.0481,case
BC003,-0.2114,case
BC003,-0.3991,case
BC003,-0.0249,case
BC003,-0.1018,case
BC003,0.2044,case
BC003,0.2685,case
BC003,0.0314,case
BC003,0.2498,case
BC003,0.0261,case
BC003,-0.3166,case
BC003,-0.1703,case
BC003,-0.4533,case
BC003,-0.0857,case
BC003,-0.2316,case
BC003,-0.2557,case
BC003,0.1092,case
BC003,0.2609,case
BC003,-0.0051,case
BC003,0.0128,case
BC003,-0.1778,case
BC003,-0.4161,case
BC003,-0.1243,case
BC003,-0.2904,case
BC003,0.0881,case
BC003,0.4695,case
BC003,0.0863,case
BC003,-0.3888,case
BC003,-0.2936,case
BC003,0.3783,case
BC003,-0.1071,case
BC003,-0.1096,case
BC003,-0.0276,case
BC003,0.1116,case
BC003,-0.4287,case
BC003,0.1063,case
BC003,-0.1216,case
BC003,-0.3094,case
BC003,0.2817,case
BC003,-0.135,case
BC003,-0.0261,case
BC003,-0.1078,case
BC003,-0.1621,case
BC003,-0.3699,case
BC003,-0.3113,case
BC003,-0.1343,case
BC003,-0.6363,case
BC003,0.0702,case
BC003,-0.1488,case
BC003,-0.2903,case
BC003,-0.3017,case
BC003,-0.4234,case
BC003,-0.4982,case
BC003,-0.1917,case
BC003,-0.3083,case
BC003,-0.3584,case
BC003,-0.3581,case
BC003,-0.484,case
BC003,-0.0811,case
BC003,-0.3015,case
BC003,-0.4516,case
BC003,-0.312,case
BC003,-0.14,case
BC003,-0.5095,case
BC003,-0.1474,case
BC003,-0.25,case
BC003,-0.0418,case
BC003,0.1647,case
BC003,-0.2136,case
BC003,-0.522,case
BC003,-0.0062,case
BC003,-0.7692,case
BC003,-0.4221,case
BC003,-0.4645,case
BC003,-0.0057,case
BC003,-0.4694,case
BC003,-0.565,case
BC003,-0.2599,case
BC003,0.0174,case
BC003,-0.2219,case
BC003,0.0238,case
BC003,-0.5838,case
BC003,0.2552,case
BC003,-0.2395,case
BC003,-0.3518,case
BC003,-0.1774,case
BC003,0.4651,case
BC003,0.0526,case
BC003,-0.2261,case
BC003,-0.1008,case
BC003,-0.2708,case
BC003,0.0337,case
BC003,-0.3931,case
BC003,-0.307,case
BC003,-0.0362,case
BC003,-0.0628,case
BC003,-0.0379,case
BC003,-0.2673,case
BC003,-0.2427,case
BC003,-0.0846,case
BC003,0.2984,case
BC003,-0.7405,case
BC003,-0.268,case
BC003,-0.0489,case
BC003,-0.5269,case
BC003,-0.1217,case
BC003,-0.2798,case
BC003,-0.5991,case
BC003,-0.5674,case
BC003,-0.33,case
BC003,-0.2673,case
BC003,0.1755,case
BC003,0.1226,case
BC003,-0.2671,case
BC003,-0.1671,case
BC003,0.1764,case
BC003,0.1748,case
BC003,-0.1959,case
BC003,-0.0291,case
BC003,-0.2422,case
BC003,-0.3472,case
BC003,-0.51,case
BC003,-0.3227,case
BC003,0.3012,case
BC003,-0.4025,case
BC003,-0.3968,case
BC003,-0.2033,case
BC003,-0.285,case
BC003,0.0345,case
BC003,-0.0504,case
BC003,-0.2576,case
BC003,-0.3799,case
BC003,-0.2439,case
BC003,-0.2147,case
BC003,-0.4274,case
BC003,-0.3779,case
BC003,0.3088,case
BC003,-0.4584,case
BC003,-0.1845,case
BC003,-0.311,case
BC003,-0.0441,case
BC003,-0.1356,case
BC003,0.0267,case
BC003,-0.1255,case
BC003,-0.2579,case
BC003,-0.6721,case
BC003,-0.4789,case
BC003,0.0419,case
BC003,-0.6097,case
BC003,0.1907,case
BC003,-0.3901,case
BC003,-0.4783,case
BC003,-0.6675,case
BC003,-0.068,case
BC003,-0.2108,case
BC003,-0.2701,case
BC003,-0.2821,case
BC003,-0.1918,case
BC003,0.0362,case
BC003,-0.1807,case
BC003,-0.2346,case
BC003,0.1447,case
BC003,-0.2857,case
BC003,-0.3939,case
BC003,0.1087,case
BC003,-0.3204,case
BC003,-0.1908,case
BC003,0.0322,case
BC003,0.0751,case
BC003,-0.3329,case
BC003,-0.1568,case
BC003,-0.1858,case
BC003,-0.4217,case
BC003,-0.4062,case
BC003,-0.2465,case
BC003,-0.1248,case
BC003,-0.5243,case
BC003,-0.1785,case
BC003,0.1918,case
BC003,0.0385,case
BC003,-0.1536,case
BC003,0.3032,case
BC003,-0.1437,case
BC003,-0.1363,case
BC003,0.213,case
BC003,-0.0217,case
BC003,-0.3131,case
BC003,0.0292,case
BC003,-0.0456,case
BC003,-0.3688,case
BC003,-0.0918,case
BC003,-0.3524,case
BC003,-0.2011,case
BC003,-0.1064,case
BC003,-0.1205,case
BC003,-0.1149,case
BC003,-0.1123,case
BC003,-0.5229,case
BC003,-0.4597,case
BC003,0.4162,case
BC003,-0.4281,case
BC003,0.0604,case
BC003,0.253,case
BC003,-0.0461,case
BC003,0.1383,case
BC003,-0.4593,case
BC003,-0.2176,case
BC003,-0.307,case
BC003,4e-04,case
BC003,0.0956,case
BC003,0.064,case
BC003,-0.0903,case
BC003,0.1808,case
BC003,0.2043,case
BC003,0.3126,case
BC003,-0.1248,case
BC003,-0.2963,case
BC003,-0.1128,case
BC003,0.8124,case
BC003,-0.0597,case
BC003,-0.0975,case
BC003,-0.3645,case
BC003,-0.3106,case
BC003,-0.4751,case
BC003,-0.4557,case
BC003,-0.1748,case
BC003,-0.5654,case
BC003,-0.1026,case
BC003,-0.113,case
BC003,-0.2694,case
BC003,-0.3099,case
BC003,-0.1262,case
BC003,0.0333,case
BC003,-0.3236,case
BC003,-0.2183,case
BC003,-0.1177,case
BC003,-0.1416,case
BC003,-0.2031,case
BC003,-0.3026,case
BC003,-0.1225,case
BC003,-0.0634,case
BC003,-0.0835,case
BC003,-0.6405,case
BC003,-0.6125,case
BC003,0.1166,case
BC003,-0.4771,case
BC003,0.0855,case
BC003,-0.3699,case
BC003,-0.4184,case
BC003,-0.53,case
BC003,-0.4152,case
BC003,-0.3975,case
BC003,0.061,case
BC003,-0.2875,case
BC003,0.0829,case
BC003,0.0381,case
BC003,-0.1223,case
BC003,-0.3931,case
BC003,-0.006,case
BC003,-0.1699,case
BC003,-0.5931,case
BC003,-0.6442,case
BC003,0.026,case
BC003,0.6565,case
BC003,-0.2705,case
BC003,-0.5068,case
BC003,0.2114,case
BC003,0.0405,case
BC003,-0.4415,case
BC003,0.1417,case
BC003,-0.161,case
BC003,0.0488,case
BC003,0.244,case
BC003,0.0711,case
BC003,0.1328,case
BC003,0.3445,case
BC003,-0.1676,case
BC003,-0.3549,case
BC003,-0.4188,case
BC003,-0.1928,case
BC003,-0.5481,case
BC003,-0.612,case
BC003,-0.2356,case
BC003,-0.3173,case
BC003,0.171,case
BC003,0.0312,case
BC003,0.2069,case
BC003,-0.1236,case
BC003,-0.3449,case
BC003,-0.0588,case
BC003,-0.4028,case
BC003,-0.193,case
BC003,-0.6595,case
BC003,-0.2995,case
BC003,-0.3571,case
BC003,0.1285,case
BC003,-0.0976,case
BC003,-0.3236,case
BC003,-0.3638,case
BC003,0.1275,case
BC003,0.1165,case
BC003,-0.3016,case
BC003,0.0138,case
BC003,-0.3081,case
BC003,0.2932,case
BC003,-0.4265,case
BC003,-0.1329,case
BC003,0.5637,case
BC003,-0.1477,case
BC003,-0.2117,case
BC003,-0.3517,case
BC003,-0.4765,case
BC003,-0.3341,case
BC003,0.0645,case
BC003,-0.3035,case
BC003,-0.395,case
BC003,-0.4691,case
BC003,-0.238,case
BC003,-0.5457,case
BC003,-0.6291,case
BC003,-0.1828,case
BC003,0.0928,case
BC003,-0.113,case
BC003,-0.4403,case
BC003,-0.1563,case
BC003,0.2194,case
BC003,0.0045,case
BC003,-0.1278,case
BC003,-0.2721,case
BC003,-0.1646,case
BC003,-0.1761,case
BC003,-0.1208,case
BC003,-0.515,case
BC003,-0.1569,case
BC003,0.0919,case
BC003,0.232,case
BC003,0.167,case
BC003,-0.3199,case
BC003,0.1427,case
BC003,0.0296,case
BC003,-0.0527,case
BC003,-0.181,case
BC003,-0.1537,case
BC003,-0.3994,case
BC003,-0.3093,case
BC003,0.0867,case
BC003,-0.0049,case
BC003,-0.3923,case
BC003,-0.1079,case
BC003,-0.4207,case
BC003,0.053,case
BC003,0.1793,case
BC003,0.1481,case
BC003,-0.0512,case
BC003,0.1297,case
BC003,-0.0307,case
BC003,-0.2753,case
BC003,-0.1439,case
BC003,0.1258,case
BC003,0.1765,case
BC003,0.4602,case
BC003,-0.1242,case
BC003,0.0637,case
BC003,0.0109,case
BC003,0.3378,case
BC003,0.2093,case
BC003,-0.0849,case
BC003,-0.1819,case
BC003,-0.4627,case
BC003,0.1207,case
BC003,-0.3164,case
BC003,-0.4252,case
BC003,-0.4524,case
BC003,-0.2497,case
BC003,-0.1514,case
BC003,0.1135,case
BC003,-0.7312,case
BC003,-0.0944,case
BC003,-0.2718,case
BC003,-0.2644,case
BC003,-0.1155,case
BC003,-0.3511,case
BC003,-0.3507,case
BC003,-0.3474,case
BC003,-0.0213,case
BC003,-0.0734,case
BC003,-0.5776,case
BC003,-0.0543,case
BC003,0.1797,case
BC003,-0.1655,case
BC003,-0.1641,case
BC003,0.0229,case
BC003,-0.127,case
BC003,0.1699,case
BC003,-0.3118,case
BC003,-0.3661,case
BC003,-0.1747,case
BC003,-0.4617,case
BC003,-0.5687,case
BC003,-0.0136,case
BC003,-0.3617,case
BC003,0.143,case
BC003,-0.4817,case
BC003,0.2199,case
BC003,-0.0662,case
BC003,0.0611,case
BC003,-0.3335,case
BC003,0.0572,case
BC003,-0.2384,case
BC003,-0.324,case
BC003,-0.2544,case
BC003,-0.2607,case
BC003,-0.1032,case
BC003,0.1092,case
BC003,0.5358,case
BC003,-0.0211,case
BC003,0.0637,case
BC003,0.004,case
BC003,-0.3307,case
BC003,-0.3867,case
BC003,0.0818,case
BC003,-0.1727,case
BC003,-0.3134,case
BC003,-0.4172,case
BC003,0.2803,case
BC003,-0.1374,case
BC003,0.1276,case
BC003,-0.1207,case
BC003,-0.099,case
BC003,-0.0464,case
BC003,0.2778,case
BC003,-0.2614,case
BC003,-0.0852,case
BC003,-0.1409,case
BC003,-0.2747,case
BC003,0.1219,case
BC003,-0.4798,case
BC003,-0.3905,case
BC003,-0.2168,case
BC003,-0.1873,case
BC003,-0.3235,case
BC003,-0.0335,case
BC003,0.2655,case
BC003,0.3025,case
BC003,-0.0634,case
BC003,0.4241,case
BC003,-0.5171,case
BC003,-0.1598,case
BC003,-0.058,case
BC003,0.1014,case
BC003,-0.3121,case
BC003,-0.502,case
BC003,-0.1713,case
BC003,-0.2327,case
BC003,0.0161,case
BC003,-0.1019,case
BC003,-0.0739,case
BC003,0.287,case
BC003,0.0269,case
BC003,0.2422,case
BC003,-0.1193,case
BC003,0.1971,case
BC003,-0.504,case
BC003,-0.1965,case
BC003,-0.5356,case
BC003,0.1595,case
BC003,-0.4106,case
BC003,-0.4044,case
BC003,-0.0254,case
BC003,1e-04,case
BC003,-0.3647,case
BC003,-0.357,case
BC003,-0.3918,case
BC003,-0.4807,case
BC003,-0.3887,case
BC003,-0.5006,case
BC003,0.2276,case
BC003,-0.2562,case
BC003,-0.2128,case
BC003,-0.0126,case
BC003,-0.3155,case
BC003,-0.1696,case
BC003,0.2792,case
BC003,0.0608,case
BC003,-0.0733,case
BC003,-0.5462,case
BC003,0.1573,case
BC003,-0.3936,case
BC003,-0.068,case
BC003,-0.1112,case
BC003,-0.1522,case
BC003,-0.3198,case
BC003,-0.2351,case
BC003,-0.1032,case
BC003,-0.3961,case
BC003,-0.3436,case
BC003,-0.1238,case
BC003,-0.0625,case
BC003,0.1818,case
BC003,-0.1468,case
BC003,-0.2626,case
BC003,-0.5187,case
BC003,0.0082,case
BC003,-0.4018,case
BC003,0.1514,case
BC003,-0.0041,case
BC003,-0.1244,case
BC003,-0.3041,case
BC003,0.4742,case
BC003,-0.0724,case
BC003,-0.0484,case
BC003,-0.2747,case
BC003,-0.1454,case
BC003,-0.1516,case
BC003,-0.1984,case
BC003,0.1044,case
BC003,0.1282,case
BC003,-0.1873,case
BC003,-0.5422,case
BC003,-0.1593,case
BC003,-0.4571,case
BC003,0.431,case
BC003,-0.3352,case
BC003,-0.2947,case
BC003,0.0346,case
BC003,-0.4636,case
BC003,-0.015,case
BC003,-0.0733,case
BC003,0.4269,case
BC003,-0.178,case
BC003,-0.494,case
BC003,0.1834,case
BC003,-0.2391,case
BC003,0.0582,case
BC003,0.2222,case
BC003,0.0083,case
BC003,-0.1919,case
BC003,-0.0844,case
BC003,0.1984,case
BC003,-0.1091,case
BC003,0.0896,case
BC003,0.0293,case
BC003,-0.0976,case
BC003,0.0434,case
BC003,0.0305,case
BC003,-0.0835,case
BC003,0.2444,case
BC003,-0.0645,case
BC003,0.2776,case
BC003,-0.0206,case
BC003,-0.291,case
BC003,-0.0139,case
BC003,-0.2644,case
BC003,-0.07,case
BC003,-0.1525,case
BC003,0.0474,case
BC003,-0.0356,case
BC003,0.079,case
BC003,-0.3505,case
BC003,-0.1412,case
BC003,0.0855,case
BC003,0.1339,case
BC003,0.1256,case
BC003,-0.3498,case
BC003,0.1029,case
BC003,0.035,case
BC003,0.1155,case
BC003,-0.1728,case
BC003,0.0259,case
BC003,-0.2981,case
BC003,0.3727,case
BC003,-0.2415,case
BC003,-0.2148,case
BC003,0.6654,case
BC003,0.5959,case
BC003,-0.2885,case
BC003,-0.5528,case
BC003,-0.2084,case
BC003,-0.2907,case
BC003,0.0928,case
BC003,-0.0584,case
BC003,-0.0449,case
BC003,-0.1627,case
BC003,-0.2512,case
BC003,-0.0322,case
BC003,0.0017,case
BC003,-0.3989,case
BC003,-0.2254,case
BC003,0.4088,case
BC003,-0.0289,case
BC003,0.0413,case
BC003,-0.3572,case
BC003,0.1506,case
BC003,-0.4886,case
BC003,-0.8216,case
BC003,-0.4509,case
BC003,-0.1918,case
BC003,0.1287,case
BC003,0.1809,case
BC003,0.0404,case
BC003,-0.1492,case
BC003,-0.0866,case
BC003,-0.0023,case
BC003,0.1793,case
BC003,0.1392,case
BC003,0.1685,case
BC003,0.2208,case
BC003,-0.1646,case
BC003,0.2017,case
BC003,0.1835,case
BC003,-0.1094,case
BC003,0.2176,case
BC003,-0.2544,case
BC003,0.0196,case
BC003,-0.1067,case
BC003,0.0515,case
BC003,-0.3731,case
BC003,0.4618,case
BC003,-0.0569,case
BC003,-0.1193,case
BC003,0.0191,case
BC003,-0.1076,case
BC003,-0.2488,case
BC003,-0.1105,case
BC003,-0.055,case
BC003,0.1405,case
BC003,-0.2145,case
BC003,0.098,case
BC003,-0.1503,case
BC003,0.2197,case
BC003,-0.3919,case
BC003,-0.1935,case
BC003,-0.3313,case
BC003,0.0303,case
BC003,-0.0483,case
BC003,-0.1803,case
BC003,-0.023,case
BC003,-0.2626,case
BC003,-0.1904,case
BC003,-0.5026,case
BC003,-0.4528,case
BC003,-0.2818,case
BC003,0.0095,case
BC003,-0.3873,case
BC003,-0.2974,case
BC003,-0.4007,case
BC003,-0.2514,case
BC003,0.1048,case
BC003,-0.6038,case
BC003,-0.2961,case
BC003,-0.504,case
BC003,0.1279,case
BC003,-0.0609,case
BC003,-0.5504,case
BC003,-0.1315,case
BC003,-0.1804,case
BC003,-0.3099,case
BC003,-0.4389,case
BC003,0.1406,case
BC003,0.0629,case
BC003,0.0829,case
BC003,-0.4267,case
BC003,0.1785,case
BC003,-0.384,case
BC003,-0.4048,case
BC003,-0.3934,case
BC003,0.2431,case
BC003,-0.2044,case
BC003,0.0164,case
BC003,-0.1861,case
BC003,-0.2663,case
BC003,-0.0633,case
BC003,-0.1842,case
BC003,-0.1771,case
BC003,-0.0579,case
BC003,0.0593,case
BC003,-0.2574,case
BC003,-0.5974,case
BC003,-0.5701,case
BC003,-0.6355,case
BC003,-0.5664,case
BC003,-0.5053,case
BC003,-0.5144,case
BC003,-0.6656,case
BC003,-0.2332,case
BC003,-0.6901,case
BC003,-0.3262,case
BC003,-0.2756,case
BC003,-0.2249,case
BC003,0.1659,case
BC003,-0.2913,case
BC003,-0.139,case
BC003,0.2685,case
BC003,-0.297,case
BC003,-0.532,case
BC003,-0.2175,case
BC003,-0.3793,case
BC003,-0.2581,case
BC003,-0.0063,case
BC003,-0.2639,case
BC003,-0.2318,case
BC003,-0.5723,case
BC003,-0.4351,case
BC003,-0.4334,case
BC003,-0.49,case
BC003,-0.285,case
BC003,-0.3374,case
BC003,-0.4555,case
BC003,-0.6349,case
BC003,-0.2901,case
BC003,-0.2643,case
BC003,-0.3153,case
BC003,-0.2912,case
BC003,-0.374,case
BC003,-0.6633,case
BC003,-0.3388,case
BC003,-0.4584,case
BC003,-0.2602,case
BC003,-0.7517,case
BC003,-0.0318,case
BC003,-0.6357,case
BC003,-0.555,case
BC003,-0.1476,case
BC003,-0.0875,case
BC003,-0.4791,case
BC003,-0.5928,case
BC003,-0.6595,case
BC003,-0.4025,case
BC003,-0.4193,case
BC003,-0.2408,case
BC003,-0.5642,case
BC003,-0.4715,case
BC003,0.1246,case
BC003,-0.3415,case
BC003,-0.2179,case
BC003,-0.2233,case
BC003,-0.0945,case
BC003,0.0198,case
BC003,-0.0378,case
BC003,-0.3165,case
BC003,-0.1715,case
BC003,-0.3284,case
BC003,-0.2042,case
BC003,-0.2609,case
BC003,-0.6756,case
BC003,-0.3012,case
BC003,-0.3602,case
BC003,-0.2531,case
BC003,-0.526,case
BC003,-0.3032,case
BC003,-0.7795,case
BC003,-0.4071,case
BC003,-0.0919,case
BC003,-0.643,case
BC003,-0.8055,case
BC003,-0.2703,case
BC003,-0.7306,case
BC003,-0.7142,case
BC003,-0.6055,case
BC003,-0.4495,case
BC003,-0.2894,case
BC003,-0.6648,case
BC003,-0.5558,case
BC003,-0.3974,case
BC003,-0.4978,case
BC003,-0.2328,case
BC003,-0.4963,case
BC003,-0.094,case
BC003,-0.213,case
BC003,-0.4476,case
BC003,0.1694,case
BC003,-0.2064,case
BC003,-0.4274,case
BC003,-0.3764,case
BC003,-0.0718,case
BC003,-0.1931,case
BC003,0.1567,case
BC003,0.0103,case
BC003,-0.2804,case
BC003,-0.4178,case
BC003,-0.277,case
BC003,-0.3432,case
BC003,-0.1353,case
BC003,-0.2387,case
BC003,0.1395,case
BC003,0.0479,case
BC003,-0.2053,case
BC003,-0.079,case
BC003,-0.1001,case
BC003,-0.1986,case
BC003,0.034,case
BC003,-0.1697,case
BC003,-0.2682,case
BC003,-0.3055,case
BC003,-0.5429,case
BC003,-0.1354,case
BC003,-0.0704,case
BC003,-0.6608,case
BC003,-0.3008,case
BC003,-0.3376,case
BC003,-0.3108,case
BC003,-0.4391,case
BC003,-0.2792,case
BC003,0.0768,case
BC003,-0.2326,case
BC003,-0.3058,case
BC003,-0.3908,case
BC003,-0.2346,case
BC003,-0.1948,case
BC003,-0.3784,case
BC003,0.0636,case
BC003,-0.1968,case
BC003,-0.3514,case
BC003,-0.6089,case
BC003,0.116,case
BC003,-0.1126,case
BC003,-0.1168,case
BC003,-0.3134,case
BC003,-0.5552,case
BC003,-0.4238,case
BC003,-0.5831,case
BC003,-0.4224,case
BC003,0.1292,case
BC003,-0.1322,case
BC003,0.1115,case
BC003,0.1801,case
BC003,0.1179,case
BC003,0.0786,case
BC003,0.006,case
BC003,-0.1316,case
BC003,-0.2723,case
BC003,0.1216,case
BC003,0.2296,case
BC003,0.0235,case
BC003,0.3901,case
BC003,0.1633,case
BC003,-0.1284,case
BC003,-0.1835,case
BC003,0.3117,case
BC003,0.0687,case
BC003,-0.0204,case
BC003,-0.0304,case
BC003,-0.0779,case
BC003,-0.341,case
BC003,-0.385,case
BC003,-0.0987,case
BC003,-0.2057,case
BC003,0.1444,case
BC003,-0.323,case
BC003,0.2855,case
BC003,-0.287,case
BC003,-0.1788,case
BC003,-0.6685,case
BC003,-0.6428,case
BC003,-0.7088,case
BC003,-0.0731,case
BC003,-9e-04,case
BC003,0.7462,case
BC003,-0.1173,case
BC003,-0.4625,case
BC003,0.0557,case
BC003,-0.2202,case
BC003,-0.5287,case
BC003,-0.136,case
BC003,-0.0598,case
BC003,-0.5796,case
BC003,-0.5542,case
BC003,-0.2859,case
BC003,-0.2028,case
BC003,-0.251,case
BC003,-0.3737,case
BC003,-0.5436,case
BC003,-0.1247,case
BC003,-0.0474,case
BC003,0.352,case
BC003,-0.4806,case
BC003,0.0215,case
BC003,0.2724,case
BC003,-0.049,case
BC003,0.1969,case
BC003,0.0844,case
BC003,0.4734,case
BC003,-0.0123,case
BC003,-0.2524,case
BC003,-0.2814,case
BC003,0.2135,case
BC003,-0.1719,case
BC003,-0.181,case
BC003,-0.228,case
BC003,0.1711,case
BC003,-0.5699,case
BC003,-0.0723,case
BC003,0.3371,case
BC003,-0.1221,case
BC003,-0.342,case
BC003,0.4497,case
BC003,-0.4241,case
BC003,-0.2697,case
BC003,0.0939,case
BC003,-0.3151,case
BC003,0.1946,case
BC003,-0.212,case
BC003,0.328,case
BC003,-0.1497,case
BC003,-0.0092,case
BC003,-0.1306,case
BC003,-0.4167,case
BC003,-0.118,case
BC003,-0.0479,case
BC003,-0.5253,case
BC003,0.19,case
BC003,0.2281,case
BC003,0.1823,case
BC003,-0.5334,case
BC003,-0.1381,case
BC003,0.3038,case
BC003,-0.116,case
BC003,-0.6907,case
BC003,-0.5978,case
BC003,-0.3053,case
BC003,-0.2153,case
BC003,-0.2589,case
BC003,-0.0253,case
BC003,-0.305,case
BC003,-0.4713,case
BC003,-0.6165,case
BC003,-0.0612,case
BC003,-0.0681,case
BC003,-0.0903,case
BC003,-0.098,case
BC003,0.0315,case
BC003,-0.2495,case
BC003,0.2038,case
BC003,-0.1199,case
BC003,-0.5269,case
BC003,0.0405,case
BC003,0.0951,case
BC003,-0.0063,case
BC003,-0.5441,case
BC003,-0.2729,case
BC003,-0.2626,case
BC003,0.0263,case
BC003,-0.2923,case
BC003,-0.5463,case
BC003,0.252,case
BC003,-0.3918,case
BC003,0.1168,case
BC003,0.3339,case
BC003,-0.2284,case
BC003,-0.3134,case
BC003,-0.6152,case
BC003,-0.3364,case
BC003,-0.21,case
BC003,-0.352,case
BC003,-0.2226,case
BC003,-0.0059,case
BC003,0.3536,case
BC003,0.0397,case
BC003,-0.3913,case
BC003,-0.1104,case
BC003,-0.4402,case
BC003,-0.1989,case
BC003,-0.4836,case
BC003,-0.1409,case
BC003,-0.4174,case
BC003,-0.4124,case
BC003,-0.4603,case
BC003,-0.435,case
BC003,-0.4075,case
BC003,-0.3385,case
BC003,-0.4805,case
BC003,-0.3999,case
BC003,-0.3117,case
BC003,-0.0196,case
BC003,-0.0106,case
BC003,-0.4601,case
BC003,0.3039,case
BC003,-0.0187,case
BC003,0.3633,case
BC003,-0.376,case
BC003,-0.3227,case
BC003,-0.0712,case
BC003,-0.3303,case
BC003,-0.4929,case
BC003,-0.3085,case
BC003,-0.1244,case
BC003,-0.1878,case
BC003,-0.1343,case
BC003,0.037,case
BC003,-0.274,case
BC003,-0.4354,case
BC003,-0.1886,case
BC003,-0.2654,case
BC003,-0.195,case
BC003,-0.3826,case
BC003,-0.2935,case
BC003,0.1703,case
BC003,-0.6202,case
BC003,-0.0968,case
BC003,-0.1465,case
BC003,0.2036,case
BC003,-0.2877,case
BC003,-0.3116,case
BC003,-0.4102,case
BC003,0.0545,case
BC003,-0.1999,case
BC003,0.0366,case
BC003,-0.4132,case
BC003,0.4786,case
BC003,0.0879,case
BC003,0.4614,case
BC003,-0.1725,case
BC003,-0.5407,case
BC003,-0.2969,case
BC003,-2e-04,case
BC003,-0.1929,case
BC003,-0.3556,case
BC003,-0.582,case
BC003,-0.3481,case
BC003,-0.2989,case
BC003,-0.5786,case
BC003,0.0119,case
BC003,-0.732,case
BC003,0.023,case
BC003,0.3955,case
BC003,-0.1016,case
BC003,0.0488,case
BC003,0.0281,case
BC003,0.0267,case
BC003,-0.2941,case
BC003,-0.2673,case
BC003,0.2409,case
BC003,-0.5963,case
BC003,-0.5761,case
BC003,-0.2152,case
BC003,-0.5102,case
BC003,-0.1313,case
BC003,0.1964,case
BC003,0.9467,case
BC003,-0.0221,case
BC003,0.0311,case
BC003,-0.003,case
BC003,-0.7233,case
BC003,-0.4813,case
BC003,-0.0198,case
BC003,-0.065,case
BC003,-0.5792,case
BC003,0.1409,case
BC003,-0.0485,case
BC003,0.2043,case
BC003,0.4599,case
BC003,0.9632,case
BC003,0.2119,case
BC003,-0.0762,case
BC003,-0.1445,case
BC003,-0.1308,case
BC003,-0.0999,case
BC003,-0.1728,case
BC003,-0.1023,case
BC003,-0.2706,case
BC003,-0.3865,case
BC003,-0.5894,case
BC003,-0.4213,case
BC003,0.1391,case
BC003,-0.3058,case
BC003,-0.0148,case
BC003,0.0963,case
BC003,0.1588,case
BC003,0.0877,case
BC003,-0.6398,case
BC003,-0.4343,case
BC003,0.0212,case
BC003,-0.5147,case
BC003,-0.3068,case
BC003,-0.1358,case
BC003,0.1143,case
BC003,0.2369,case
BC003,-0.5835,case
BC003,-0.1476,case
BC003,-0.185,case
BC003,0.2153,case
BC003,-0.0464,case
BC003,-0.2723,case
BC003,-0.158,case
BC003,-0.1698,case
BC003,-0.3167,case
BC003,-0.2034,case
BC003,0.6407,case
BC003,0.0957,case
BC003,-0.0904,case
BC003,-0.5563,case
BC003,-0.356,case
BC003,0.275,case
BC003,-0.2602,case
BC003,0.1547,case
BC003,-0.5172,case
BC003,0.0131,case
BC003,-0.1053,case
BC003,0.1843,case
BC003,-0.2061,case
BC003,-0.1978,case
BC003,-0.2429,case
BC003,-0.1051,case
BC003,0.1501,case
BC003,0.1065,case
BC003,-0.0723,case
BC003,-0.0928,case
BC003,-0.1239,case
BC003,-0.2947,case
BC003,0.4691,case
BC003,0.3439,case
BC003,0.0408,case
BC003,0.5731,case
BC003,-0.2681,case
BC003,-0.249,case
BC003,0.5439,case
BC003,-0.1271,case
BC003,0.056,case
BC003,-0.0538,case
BC003,-0.2779,case
BC003,0.1848,case
BC003,0.0701,case
BC003,-0.5623,case
BC003,0.2352,case
BC003,-0.1468,case
BC003,0.0267,case
BC003,-0.1701,case
BC003,-0.0038,case
BC003,-0.1224,case
BC003,-0.5559,case
BC003,-0.367,case
BC003,-0.2434,case
BC003,0.1749,case
BC003,-0.1181,case
BC003,0.1648,case
BC003,-0.1318,case
BC003,-0.1954,case
BC003,-0.2166,case
BC003,-0.1592,case
BC003,-0.5439,case
BC003,-0.2809,case
BC003,-0.3992,case
BC003,0.2874,case
BC003,-0.1783,case
BC003,-0.2982,case
BC003,-0.0323,case
BC003,-0.0581,case
BC003,-0.1597,case
BC003,0.1899,case
BC003,-0.1953,case
BC003,-0.0417,case
BC003,-4e-04,case
BC003,-0.175,case
BC003,-0.0906,case
BC003,-0.0728,case
BC003,-0.1723,case
BC003,0.0182,case
BC003,0.1515,case
BC003,-0.1358,case
BC003,-0.3669,case
BC003,-0.2689,case
BC003,-0.086,case
BC003,-0.1348,case
BC003,-0.4235,case
BC003,0.3095,case
BC003,-0.4103,case
BC003,-0.1796,case
BC003,-0.0287,case
BC003,-0.289,case
BC003,-0.315,case
BC003,-0.1958,case
BC003,-0.4527,case
BC003,-0.2401,case
BC003,-0.3912,case
BC003,-0.3633,case
BC003,0.0509,case
BC003,0.1143,case
BC003,-0.1978,case
BC003,0.0092,case
BC003,-0.0646,case
BC003,0.2359,case
BC003,-0.0747,case
BC003,0.0504,case
BC003,-0.0435,case
BC003,-0.4648,case
BC003,-0.1514,case
BC003,-0.1108,case
BC003,-0.1498,case
BC003,-0.1216,case
BC003,-0.1931,case
BC003,-0.4555,case
BC003,-0.4922,case
BC003,-0.3006,case
BC003,-0.2629,case
BC003,-0.2652,case
BC003,-0.4066,case
BC003,-0.4633,case
BC003,-0.0977,case
BC003,0.3399,case
BC003,-0.1067,case
BC003,0.1603,case
BC003,-0.1946,case
BC003,0.311,case
BC003,-0.3223,case
BC003,-0.0871,case
BC003,-0.6393,case
BC003,-0.0117,case
BC003,-0.2238,case
BC003,0.3736,case
BC003,-0.0742,case
BC003,-0.1546,case
BC003,-0.227,case
BC003,0.0768,case
BC003,0.0484,case
BC003,-0.2211,case
BC003,0.2634,case
BC003,-0.2738,case
BC003,-0.707,case
BC003,-0.3579,case
BC003,-0.344,case
BC003,0.3254,case
BC003,-0.5355,case
BC003,-0.6877,case
BC003,-0.239,case
BC003,-0.4133,case
BC003,0.1123,case
BC003,-0.3365,case
BC003,-0.2925,case
BC003,-0.1025,case
BC003,-0.3812,case
BC003,-0.4663,case
BC003,-0.2367,case
BC003,-0.5954,case
BC003,-0.4156,case
BC003,-0.4611,case
BC003,-0.1579,case
BC003,0.1558,case
BC003,-0.3087,case
BC003,-0.7159,case
BC003,-0.3093,case
BC003,0.1151,case
BC003,-0.334,case
BC003,0.1323,case
BC003,0.1366,case
BC003,0.1633,case
BC003,0.2789,case
BC003,-0.2131,case
BC003,-0.1948,case
BC003,-0.3463,case
BC003,-0.3369,case
BC003,-0.2882,case
BC003,-0.3952,case
BC003,-0.3683,case
BC003,-0.4767,case
BC003,0.1961,case
BC003,-0.6122,case
BC003,-0.2255,case
BC003,-0.2908,case
BC003,0.202,case
BC003,-0.1075,case
BC003,-0.5064,case
BC003,-0.3834,case
BC003,-0.5418,case
BC003,0.0243,case
BC003,0.5102,case
BC003,0.0428,case
BC003,-0.1764,case
BC003,0.1074,case
BC003,0.1843,case
BC003,-0.6262,case
BC003,-0.5974,case
BC003,-0.1313,case
BC003,-0.3724,case
BC003,-0.2798,case
BC003,0.0809,case
BC003,0.1074,case
BC003,-0.6202,case
BC003,0.0459,case
BC003,-0.3189,case
BC003,-0.2462,case
BC003,-0.1006,case
BC003,-0.0502,case
BC003,-0.0493,case
BC003,-0.6055,case
BC003,-0.2044,case
BC003,0.3495,case
BC003,-0.434,case
BC003,-0.238,case
BC003,-0.404,case
BC003,-0.0467,case
BC003,0.0787,case
BC003,0.0327,case
BC003,-0.1028,case
BC003,-0.4302,case
BC003,-0.402,case
BC003,0.2225,case
BC003,-0.3436,case
BC003,-0.6658,case
BC003,-0.5716,case
BC003,0.2024,case
BC003,-0.1621,case
BC003,-0.3164,case
BC003,-0.1369,case
BC003,-0.1687,case
BC003,-0.7732,case
BC003,-0.6625,case
BC003,-0.296,case
BC003,0.2463,case
BC003,0.2007,case
BC003,0.0234,case
BC003,-0.6521,case
BC003,-0.585,case
BC003,-0.0839,case
BC003,-0.6078,case
BC003,-0.5962,case
BC003,-0.0558,case
BC003,-0.0291,case
BC003,-0.2982,case
BC003,0.2019,case
BC003,-0.2878,case
BC003,-0.2312,case
BC003,-0.4407,case
BC003,-0.4011,case
BC003,-0.4494,case
BC003,-0.2579,case
BC003,-0.1569,case
BC003,-0.3307,case
BC003,-0.4824,case
BC003,-0.5333,case
BC003,-0.5342,case
BC003,-0.1621,case
BC003,0.0454,case
BC003,-0.4087,case
BC003,0.024,case
BC003,-0.1006,case
BC003,-0.4414,case
BC003,-0.0607,case
BC003,0.0272,case
BC003,-0.3234,case
BC003,-0.0991,case
BC003,-0.0248,case
BC003,-0.3692,case
BC003,0.0816,case
BC003,0.1036,case
BC003,-0.3335,case
BC003,-0.2678,case
BC003,-0.3271,case
BC003,-0.6808,case
BC003,0.3619,case
BC003,-0.27,case
BC003,-0.0834,case
BC003,-0.0345,case
BC003,-0.709,case
BC003,-0.6639,case
BC003,-0.3701,case
BC003,-0.2835,case
BC003,-0.1715,case
BC003,-0.2597,case
BC003,-0.6272,case
BC003,-0.6463,case
BC003,-0.0887,case
BC003,-0.1742,case
BC003,-0.2822,case
BC003,-0.2831,case
BC003,-0.5709,case
BC003,-0.4199,case
BC003,-0.2078,case
BC003,-0.2599,case
BC003,-0.3644,case
BC003,-0.1271,case
BC003,0.019,case
BC003,-0.6006,case
BC003,-0.3173,case
BC003,-0.3471,case
BC003,-0.4149,case
BC003,-0.0258,case
BC003,-0.3162,case
BC003,-0.079,case
BC003,-0.3115,case
BC003,-0.1069,case
BC003,-0.4024,case
BC003,-0.1064,case
BC003,-0.5455,case
BC003,0.2251,case
BC003,-0.6054,case
BC003,-0.0231,case
BC003,0.1023,case
BC003,-0.3477,case
BC003,-0.1716,case
BC003,-0.3837,case
BC003,-0.3352,case
BC003,-0.2253,case
BC003,-0.4565,case
BC003,-0.0865,case
BC003,-0.5709,case
BC003,-0.0653,case
BC003,-0.3702,case
BC003,0.0433,case
BC003,-0.2148,case
BC003,0.0944,case
BC003,0.25,case
BC003,-0.5213,case
BC003,-0.1262,case
BC003,-0.5208,case
BC003,-0.3222,case
BC003,-0.5493,case
BC003,-0.5551,case
BC003,-0.0185,case
BC003,-0.1906,case
BC003,-0.0933,case
BC003,0.4583,case
BC003,-0.0468,case
BC003,0.8285,case
BC003,-0.2601,case
BC003,-0.4955,case
BC003,-0.1223,case
BC003,-0.2245,case
BC003,-0.1895,case
BC003,-0.3028,case
BC003,-0.5497,case
BC003,-0.0202,case
BC003,-0.0619,case
BC003,-0.2749,case
BC003,-0.3474,case
BC003,-0.3158,case
BC003,0.1549,case
BC003,-0.1662,case
BC003,0.3257,case
BC003,-0.3624,case
BC003,-0.486,case
BC003,-0.4283,case
BC003,0.1854,case
BC003,0.0841,case
BC003,-0.3393,case
BC003,-0.3541,case
BC003,-0.1501,case
BC003,-0.1768,case
BC003,-0.3431,case
BC003,-0.4508,case
BC003,-0.5774,case
BC003,-0.7832,case
BC003,0.0701,case
BC003,-0.7149,case
BC003,-0.1797,case
BC003,-0.754,case
BC003,0.0526,case
BC003,-0.3915,case
BC003,0.0774,case
BC003,-0.06,case
BC003,0.1251,case
BC003,0.3,case
BC003,-0.5112,case
BC003,0.0871,case
BC003,0.1607,case
BC003,0.0564,case
BC003,-0.0183,case
BC003,-0.0504,case
BC003,-0.0723,case
BC003,-0.0285,case
BC003,0.1597,case
BC003,-0.2639,case
BC003,-0.4942,case
BC003,-0.367,case
BC003,-0.1858,case
BC003,0.0377,case
BC003,0.0303,case
BC003,-0.1119,case
BC003,-0.0452,case
BC003,-0.3,case
BC003,-0.0671,case
BC003,-0.2092,case
BC003,-0.113,case
BC003,0.1687,case
BC003,-0.3234,case
BC003,-0.1716,case
BC003,0.4117,case
BC003,-0.1999,case
BC003,0.1823,case
BC003,-0.1105,case
BC003,-0.1244,case
BC003,0.0359,case
BC003,-0.2486,case
BC003,-0.1315,case
BC003,-0.6714,case
BC003,-0.4358,case
BC003,-0.3766,case
BC003,-0.2685,case
BC003,-0.3324,case
BC003,-0.0022,case
BC003,0.3605,case
BC003,-0.0485,case
BC003,-0.1159,case
BC003,-0.3339,case
BC003,0.0051,case
BC003,0.0348,case
BC003,-0.3971,case
BC003,-0.3171,case
BC003,0.0469,case
BC003,-0.1134,case
BC003,-0.1713,case
BC003,-0.1482,case
BC003,0.0666,case
BC003,-0.0117,case
BC003,-0.2435,case
BC003,-0.2352,case
BC003,0.0202,case
BC003,-0.1682,case
BC003,-0.4227,case
BC003,-0.5613,case
BC003,-0.1884,case
BC003,-0.0227,case
BC003,-0.2717,case
BC003,-0.0339,case
BC003,-0.4748,case
BC003,0.2461,case
BC003,-0.5818,case
BC003,-0.6338,case
BC003,-0.6744,case
BC003,0.4027,case
BC003,0.5398,case
BC003,-0.2087,case
BC003,-0.7149,case
BC003,0.1823,case
BC003,0.3164,case
BC003,0.0066,case
BC003,-0.0786,case
BC003,-0.2592,case
BC003,-0.2858,case
BC003,-0.2202,case
BC003,-0.1419,case
BC003,-0.3969,case
BC003,-0.3935,case
BC003,-0.1555,case
BC003,0.0872,case
BC003,-0.0477,case
BC003,-0.0136,case
BC003,0.4623,case
BC003,-0.3864,case
BC003,0.2921,case
BC003,-0.1915,case
BC003,-0.0208,case
BC003,-0.5081,case
BC003,-0.055,case
BC003,0.2992,case
BC003,0.3242,case
BC003,-0.3023,case
BC003,0.0534,case
BC003,0.2169,case
BC003,-0.0572,case
BC003,0.189,case
BC003,0.5541,case
BC003,0.0593,case
BC003,-0.1229,case
BC003,-0.2597,case
BC003,-0.0336,case
BC003,-0.1282,case
BC003,-0.0415,case
BC003,-0.4163,case
BC003,0.0121,case
BC003,0.0474,case
BC003,-0.4069,case
BC003,-0.3107,case
BC003,-0.2868,case
BC003,-0.2477,case
BC003,0.1262,case
BC003,-0.1309,case
BC003,-0.0031,case
BC003,-0.5071,case
BC003,-0.5507,case
BC003,0.2258,case
BC003,-0.0147,case
BC003,-0.0897,case
BC003,-0.0057,case
BC003,-0.0544,case
BC003,0.1471,case
BC003,-0.245,case
BC003,0.1338,case
BC003,-0.1325,case
BC003,-0.0358,case
BC003,-0.0636,case
BC003,0.2084,case
BC003,-0.1474,case
BC003,-0.506,case
BC003,-0.108,case
BC003,0.069,case
BC003,0.2043,case
BC003,0.0957,case
BC003,-0.1458,case
BC003,-0.32,case
BC003,-0.1298,case
BC003,0.2241,case
BC003,0.176,case
BC003,-0.3097,case
BC003,-0.1256,case
BC003,-0.1278,case
BC003,0.0828,case
BC003,-0.353,case
BC003,0.0635,case
BC003,-0.2143,case
BC003,-0.1585,case
BC003,-0.1632,case
BC003,-0.3152,case
BC003,-0.4921,case
BC003,-0.3993,case
BC003,0.0228,case
BC003,-0.0191,case
BC003,-0.1406,case
BC003,-0.0628,case
BC003,0.4117,case
BC003,-0.0844,case
BC003,0.8636,case
BC003,-0.0892,case
BC003,0.191,case
BC003,-0.197,case
BC003,-0.2821,case
BC003,-0.2173,case
BC003,-0.3194,case
BC003,-0.3083,case
BC003,-0.281,case
BC003,-0.6193,case
BC003,-0.2626,case
BC003,-0.1719,case
BC003,-0.4968,case
BC003,-0.0291,case
BC003,-0.0168,case
BC003,-0.1397,case
BC003,0.3508,case
BC003,0.037,case
BC003,-0.2689,case
BC003,0.1018,case
BC003,-0.0639,case
BC003,-0.3841,case
BC003,-0.3762,case
BC003,-0.1484,case
BC003,0.147,case
BC003,-0.3047,case
BC003,0.0463,case
BC003,-0.2022,case
BC003,-0.0772,case
BC003,-0.3478,case
BC003,-0.3009,case
BC003,-0.0538,case
BC003,0.0377,case
BC003,-0.4034,case
BC003,0.0014,case
BC003,6e-04,case
BC003,-0.661,case
BC003,0.075,case
BC003,-0.2406,case
BC003,-0.3021,case
BC003,-0.2659,case
BC003,0.1768,case
BC003,-1e-04,case
BC003,-0.0431,case
BC003,-0.3071,case
BC003,-0.51,case
BC003,-0.1184,case
BC003,-0.3662,case
BC003,-0.0687,case
BC003,-0.3384,case
BC003,0.3609,case
BC003,0.5039,case
BC003,0.5388,case
BC003,-0.0494,case
BC003,-0.014,case
BC003,-0.1643,case
BC003,-0.095,case
BC003,-0.0534,case
BC003,-0.1493,case
BC003,0.5596,case
BC003,-0.4224,case
BC003,-0.059,case
BC003,0.3699,case
BC003,-0.4341,case
BC003,-0.2991,case
BC003,-0.4609,case
BC003,0.1528,case
BC003,-0.1964,case
BC003,-0.2529,case
BC003,-0.2264,case
BC003,-0.7072,case
BC003,0.7937,case
BC003,0.3271,case
BC003,-0.0876,case
BC003,-0.1631,case
BC003,0.0985,case
BC003,-0.1978,case
BC003,-0.6512,case
BC003,-0.1956,case
BC003,-0.1046,case
BC003,-0.1419,case
BC003,0.0779,case
BC003,0.1422,case
BC003,0.1081,case
BC003,-0.2985,case
BC003,-0.2457,case
BC003,0.4699,case
BC003,-0.1211,case
BC003,-0.1546,case
BC003,-0.0712,case
BC003,-0.0591,case
BC003,-0.6057,case
BC003,-0.2336,case
BC003,-0.007,case
BC003,-0.4976,case
BC003,-0.4369,case
BC003,-0.0033,case
BC003,-0.4869,case
BC003,0.1271,case
BC003,-0.1877,case
BC003,-0.2977,case
BC003,-0.1901,case
BC003,-0.0911,case
BC003,0.347,case
BC003,0.006,case
BC003,-0.1744,case
BC003,-0.2318,case
BC003,-0.1676,case
BC003,-0.2901,case
BC003,-0.3712,case
BC003,-0.4509,case
BC003,-0.1136,case
BC003,-0.2342,case
BC003,-0.2418,case
BC003,-0.3953,case
BC003,0.1299,case
BC003,-0.6782,case
BC003,-0.2924,case
BC003,0.0053,case
BC003,-0.2543,case
BC003,-0.2585,case
BC003,0.0744,case
BC003,-0.2302,case
BC003,-0.2204,case
BC003,-0.2107,case
BC003,-0.3386,case
BC003,-0.5048,case
BC003,-0.3423,case
BC003,-0.0013,case
BC003,-0.2412,case
BC003,-0.5203,case
BC003,0.2538,case
BC003,-0.0569,case
BC003,-0.1645,case
BC003,-0.0215,case
BC003,-0.1148,case
BC003,-0.0608,case
BC003,-0.2241,case
BC003,-0.25,case
BC003,-0.3372,case
BC003,0.0113,case
BC003,0.1727,case
BC003,0.1816,case
BC003,0.4212,case
BC003,0.4985,case
BC003,0.5645,case
BC003,0.2658,case
BC003,-0.395,case
BC003,0.1995,case
BC003,-0.6073,case
BC003,-0.0023,case
BC003,0.1824,case
BC003,0.0954,case
BC003,-0.1287,case
BC003,0.0987,case
BC003,0.2215,case
BC003,0.2134,case
BC003,0.2984,case
BC003,-0.1872,case
BC003,-0.0522,case
BC003,0.2664,case
BC003,0.2541,case
BC003,0.2586,case
BC003,0.1229,case
BC003,-0.0799,case
BC003,-0.2187,case
BC003,-0.4136,case
BC003,0.1633,case
BC003,0.2376,case
BC003,-0.3991,case
BC003,0.0304,case
BC003,0.1116,case
BC003,-0.3043,case
BC003,-0.5397,case
BC004,0.0061,case
BC004,0.0061,case
BC004,0.0061,case
BC004,0.0061,case
BC004,0.0061,case
BC004,0.0061,case
BC004,0.0061,case
BC004,0.0061,case
BC004,0.0061,case
BC004,0.0061,case
BC004,0.0061,case
BC004,0.0061,case
BC004,0.0061,case
BC004,0.0061,case
BC004,0.0061,case
BC004,0.0061,case
BC004,0.0061,case
BC004,0.0061,case
BC004,0.0061,case
BC004,0.0061,case
BC004,0.0061,case
BC004,0.0061,case
BC004,0.0061,case
BC004,0.0061,case
BC004,0.0061,case
BC004,0.0061,case
BC004,0.0061,case
BC004,0.0061,case
BC004,0.0061,case
BC004,0.0061,case
BC004,0.0061,case
BC004,0.0061,case
BC004,0.0061,case
BC004,0.0061,case
BC004,0.0061,case
BC004,0.0061,case
BC004,0.0061,case
BC004,0.0061,case
BC004,0.0061,case
BC004,0.0061,case
BC004,0.0061,case
BC004,0.0061,case
BC004,0.0061,case
BC004,0.7737,case
BC004,0.0061,case
BC004,0.0061,case
BC004,0.0061,case
BC004,0.0061,case
BC004,0.0061,case
BC004,0.0061,case
BC004,0.0061,case
BC004,0.0061,case
BC004,0.0061,case
BC004,0.0061,case
BC004,0.0061,case
BC004,0.0061,case
BC004,0.0061,case
BC004,0.0061,case
BC004,0.0061,case
BC004,0.0061,case
BC004,0.0061,case
BC004,0.0061,case
BC004,0.0061,case
BC004,0.0061,case
BC004,0.0061,case
BC004,0.0061,case
BC004,0.0061,case
BC004,0.0061,case
BC004,0.0061,case
BC004,0.0061,case
BC004,0.0061,case
BC004,0.0061,case
BC004,0.0061,case
BC004,0.0061,case
BC004,0.0061,case
BC004,0.0061,case
BC004,0.0061,case
BC004,0.0061,case
BC004,0.0061,case
BC004,0.0061,case
BC004,0.0061,case
BC004,0.0061,case
BC004,0.0061,case
BC004,0.0061,case
BC004,0.0061,case
BC004,0.0061,case
BC004,0.0061,case
BC004,0.0061,case
BC004,0.0061,case
BC004,0.0061,case
BC004,0.0061,case
BC004,0.0061,case
BC004,0.0061,case
BC004,0.0061,case
BC004,0.0061,case
BC004,0.0061,case
BC004,0.0061,case
BC004,0.0061,case
BC004,0.0061,case
BC004,0.0061,case
BC004,0.0061,case
BC004,0.0061,case
BC004,0.0061,case
BC004,0.0061,case
BC004,0.0061,case
BC004,0.0061,case
BC004,0.0061,case
BC004,0.0061,case
BC004,0.0061,case
BC004,0.0061,case
BC004,0.0061,case
BC004,0.0061,case
BC004,0.0061,case
BC004,0.0061,case
BC004,0.0061,case
BC004,0.0061,case
BC004,0.0061,case
BC004,0.0061,case
BC004,0.0061,case
BC004,0.0061,case
BC004,0.0061,case
BC004,0.4175,case
BC004,0.0061,case
BC004,0.0061,case
BC004,0.0061,case
BC004,0.0061,case
BC004,0.0061,case
BC004,0.0061,case
BC004,0.0061,case
BC004,0.0061,case
BC004,0.0061,case
BC004,0.0061,case
BC004,0.0061,case
BC004,0.0061,case
BC004,0.0061,case
BC004,0.0061,case
BC004,0.0061,case
BC004,0.0061,case
BC004,0.0061,case
BC004,0.0061,case
BC004,-0.3302,case
BC004,0.0061,case
BC004,0.0061,case
BC004,0.0061,case
BC004,0.0061,case
BC004,0.0061,case
